IMF_Num,Time_Steps,Batch_Size,Hidden_Dim,LR,Best100_RMSE,Best100_MAE,Best100_R2
4,12,16,64,0.001,1.305534488383867,1.0252654568185806,0.9001237350282068
4,12,16,64,0.005,1.7815996714102094,1.5555708911722306,0.8652932400415241
4,12,16,128,0.001,1.178841229099452,0.8460348075962068,0.9410233940530965
4,12,16,128,0.005,1.5761490262721036,1.3191758991193772,0.853562457239389
4,12,32,64,0.001,1.3085556969936607,1.073719835470438,0.9397236134191487
4,12,32,64,0.005,1.2841134002741856,1.0128692364091874,0.8993287238056986
4,12,32,128,0.001,1.3245027796707376,0.9501826977634431,0.8972004194056187
4,12,32,128,0.005,1.2914749181748133,1.0996133191833497,0.929215023083517
4,12,64,64,0.001,1.164334729261533,0.8114827967145444,0.9523606871179108
4,12,64,64,0.005,1.461249398714359,1.2338067261171342,0.9028889786050037
4,12,64,128,0.001,1.3699202148153011,0.924699218852997,0.920354784622551
4,12,64,128,0.005,1.4146249282998662,1.0913927107367518,0.9296778080220168
4,12,128,64,0.001,1.3685306772720327,1.0454198534097672,0.9340717028429366
4,12,128,64,0.005,1.4050912700327922,1.039687938786052,0.9306792056795938
4,12,128,128,0.001,1.5489856669938822,1.2666130803050997,0.9156850505344492
4,12,128,128,0.005,1.1111591971451749,0.7874093555374145,0.9506458472404913
4,24,16,64,0.001,1.2609898530843653,1.0374645246934893,0.9364384741632813
4,24,16,64,0.005,0.8998935547071907,0.7010917023079395,0.9715149110096516
4,24,16,128,0.001,1.1470691552065975,0.8439715666732791,0.9196699529300195
4,24,16,128,0.005,1.152322271231831,0.9063625044116975,0.9532928670701277
4,24,32,64,0.001,1.2266474862705818,0.8566583625078199,0.9239396016120413
4,24,32,64,0.005,1.161027740092756,0.976820538714707,0.9526811134817041
4,24,32,128,0.001,1.239470927700585,0.892885877352953,0.938589332252403
4,24,32,128,0.005,1.1784165356815601,0.9739297993614674,0.928818839974902
4,24,64,64,0.001,1.129713824098217,0.8454052304891944,0.9354857079657917
4,24,64,64,0.005,1.0830345954754808,0.9143065096511842,0.9587097565462602
4,24,64,128,0.001,0.9677533960221958,0.7410448713354468,0.9671329182171382
4,24,64,128,0.005,1.0637389656323315,0.8207543618001938,0.9318747977122438
4,24,128,64,0.001,1.5338058198668212,1.3831869398202898,0.9185918142743156
4,24,128,64,0.005,1.1594867691488966,1.0277083672830611,0.9529992780070693
4,24,128,128,0.001,1.1403386179250528,0.9577304610980751,0.9545388310170493
4,24,128,128,0.005,0.9376202338337571,0.6908959975650312,0.9691478325997855
4,48,16,64,0.001,0.9958991544956753,0.771443174328089,0.9603537735082665
4,48,16,64,0.005,1.105288346414554,0.9314292539398372,0.9487852878268599
4,48,16,128,0.001,0.8691160957155437,0.7077586742553712,0.950980146450546
4,48,16,128,0.005,0.9145318274892873,0.7469770242738725,0.9706406137470346
4,48,32,64,0.001,1.1941237185350309,0.9906058404052258,0.9279195152218713
4,48,32,64,0.005,1.2745758246710681,1.0599886816534996,0.9429729800353641
4,48,32,128,0.001,0.9299018533983224,0.730970374352932,0.9654342999480277
4,48,32,128,0.005,1.0621823278656124,0.8692788615851401,0.962145424715283
4,48,64,64,0.001,0.9632436816091905,0.7226282571239473,0.9629111413987609
4,48,64,64,0.005,1.0251414853321088,0.821958909163952,0.9579913477830121
4,48,64,128,0.001,1.1080557661302806,0.8784434397850037,0.9509211512892689
4,48,64,128,0.005,1.2385442016027306,1.0460098254704477,0.9224570944028452
4,48,128,64,0.001,0.9275101616878533,0.733321341928482,0.9656118760748483
4,48,128,64,0.005,1.1123251796906792,0.9755328411450386,0.9540825991679432
4,48,128,128,0.001,1.1108672756136257,0.8439885974373819,0.9376202835803089
4,48,128,128,0.005,1.053546653462175,0.9244829654898645,0.9597654294888001
4,96,16,64,0.001,1.036115977756418,0.7586283996210099,0.9570870992466158
4,96,16,64,0.005,1.1804588302344532,0.9591984846673011,0.9532456605924603
4,96,16,128,0.001,0.9309849360389304,0.6789464453816413,0.9653537337854675
4,96,16,128,0.005,1.566589618396896,1.30404016815567,0.7617124669782679
4,96,32,64,0.001,1.0026761819525918,0.7995792463741302,0.9598123577410774
4,96,32,64,0.005,1.0917540721629941,0.922893862530306,0.9523546226025199
4,96,32,128,0.001,0.9492036098691407,0.691628169579506,0.9437585999567027
4,96,32,128,0.005,0.9677639799260133,0.7187992758345604,0.9625622243228196
4,96,64,64,0.001,0.9261425418806588,0.6696435339875222,0.9657132123370714
4,96,64,64,0.005,1.064832843188372,0.8166440652928351,0.9619372334018047
4,96,64,128,0.001,1.054750973837098,0.7711500963423997,0.9437634176561976
4,96,64,128,0.005,1.0434495914590864,0.7825731831448077,0.9322926542240215
4,96,128,64,0.001,1.0817934683179726,0.9102183210821151,0.9532200406377535
4,96,128,64,0.005,0.9271514292128166,0.6502494153571129,0.9656384714733622
4,96,128,128,0.001,0.9825480061280024,0.7254266690626144,0.9614096526441517
4,96,128,128,0.005,0.9593766891638312,0.743490093276322,0.9666366117383511
5,12,16,64,0.001,1.244655744762362,0.9110771592144965,0.8921205126262738
5,12,16,64,0.005,1.2213918890843662,1.003277922967911,0.9220506038992153
5,12,16,128,0.001,1.106158980278642,0.7303467641026973,0.9523428767692336
5,12,16,128,0.005,1.0499617238907093,0.8683186801538466,0.9162300038885666
5,12,32,64,0.001,1.0132382080307492,0.7529853893330096,0.9638874285322974
5,12,32,64,0.005,0.9654584753292651,0.782927640018463,0.9627403879122819
5,12,32,128,0.001,1.0462767138058588,0.8305586035823822,0.943871734118487
5,12,32,128,0.005,1.177843537648747,0.9583810490652325,0.951313680542399
5,12,64,64,0.001,1.1493540603852384,0.9219603768061997,0.9535786833162343
5,12,64,64,0.005,0.9776003518172647,0.7925575266151431,0.9664434612854227
5,12,64,128,0.001,1.047606185084177,0.7824027505674365,0.9614338848726344
5,12,64,128,0.005,1.208933917355308,0.908375728119731,0.9485908501193544
5,12,128,64,0.001,1.0584035400711367,0.7613560389354229,0.9606348098826349
5,12,128,64,0.005,1.3260293901042601,1.1222151877547504,0.9297126078527557
5,12,128,128,0.001,1.223663562263702,0.9956643234591485,0.9243091982621394
5,12,128,128,0.005,0.9443063102686583,0.7013346273632048,0.9686902036214228
5,24,16,64,0.001,1.012483227857006,0.7814946473716684,0.964024452433493
5,24,16,64,0.005,1.4936958206107218,1.2971879214072226,0.908900752332584
5,24,16,128,0.001,0.8266792054190899,0.6872868758153917,0.9760045727990126
5,24,16,128,0.005,1.3470331040597336,1.13047600218606,0.8822467340853057
5,24,32,64,0.001,1.0360426894112553,0.8358647492431404,0.9570931698107622
5,24,32,64,0.005,1.078885200649582,0.8161527648148835,0.941160425824462
5,24,32,128,0.001,1.0562677986572768,0.7672720412101746,0.9275956759047517
5,24,32,128,0.005,1.0609195612492448,0.8632271772942544,0.9452360632287604
5,24,64,64,0.001,1.0624270900746084,0.8356853934279084,0.9384781917022932
5,24,64,64,0.005,1.099979347185852,0.9008104877222778,0.9575161837578233
5,24,64,128,0.001,1.0900260976735048,0.9084308612305522,0.9582473949117195
5,24,64,128,0.005,1.1056959586352284,0.8414952050914765,0.914864278160133
5,24,128,64,0.001,1.1984648426551958,0.9486433421659468,0.9495681318189398
5,24,128,64,0.005,1.0785871318297988,0.8131722836346625,0.9411929331194607
5,24,128,128,0.001,1.0837121475147677,0.7943244102072865,0.9587734296913872
5,24,128,128,0.005,0.9867224592182531,0.861736099576235,0.9658318264447837
5,48,16,64,0.001,1.046099252586143,0.8711717346155646,0.9615959062637522
5,48,16,64,0.005,1.1134785942875196,0.8721827651131153,0.9221630105362074
5,48,16,128,0.001,0.9614270125534236,0.7900019846579134,0.9517013122114053
5,48,16,128,0.005,1.3642588513688358,1.1730705061308146,0.9105863755003684
5,48,32,64,0.001,1.0686862569352704,0.8955485597541332,0.9543467626686072
5,48,32,64,0.005,1.1046492230049103,0.8413680642260911,0.9272356830533937
5,48,32,128,0.001,1.0679340131822361,0.8521639613274039,0.9415240423497346
5,48,32,128,0.005,1.0304389783997236,0.7935709199342729,0.962737130615859
5,48,64,64,0.001,1.1472749348182125,0.9204437447955313,0.9537464792175174
5,48,64,64,0.005,1.1448743966557078,0.9767038921523097,0.9539398368448894
5,48,64,128,0.001,1.1200763938041003,0.8424890077168942,0.9365817376676436
5,48,64,128,0.005,1.0659869589868234,0.8182711796305181,0.9425588887947581
5,48,128,64,0.001,0.9462854199677107,0.7563234926120043,0.9685664362730975
5,48,128,64,0.005,1.1324529910177181,1.0054346576338409,0.9569495354203821
5,48,128,128,0.001,1.3056924900623004,1.079745185341239,0.9138211167793647
5,48,128,128,0.005,0.9052100489625913,0.7118560189294816,0.9571844601131074
5,96,16,64,0.001,1.0120002190860964,0.8215554858999252,0.9477531543183544
5,96,16,64,0.005,0.839880821007245,0.6459123502497671,0.9542225336910855
5,96,16,128,0.001,0.9907356105123384,0.7795586447896957,0.9604795172634801
5,96,16,128,0.005,1.1607129033520576,0.8985022035684586,0.9527067729962483
5,96,32,64,0.001,1.152220966132835,0.8973807193131448,0.9533962492518102
5,96,32,64,0.005,0.9394829714478068,0.7520048947021961,0.9690167373023015
5,96,32,128,0.001,0.9286439965097366,0.6437744964754581,0.9696954181005633
5,96,32,128,0.005,1.1519789470868251,0.9672206668577192,0.9138797051670435
5,96,64,64,0.001,1.0530351822580213,0.9067743761017324,0.9610331276898822
5,96,64,64,0.005,1.101866067682041,0.9392774961007236,0.957261389101474
5,96,64,128,0.001,1.0241276663933507,0.8882505354621409,0.9631070404936095
5,96,64,128,0.005,0.8693771691759504,0.702512565081604,0.9734682567635143
5,96,128,64,0.001,1.360508993176896,1.1077327856914998,0.9349551944900604
5,96,128,64,0.005,1.0712067189433232,0.9025494848053754,0.959676672623374
5,96,128,128,0.001,1.0610050583105664,0.8834923622471096,0.960441055581245
5,96,128,128,0.005,0.940245376939628,0.7236243012173178,0.9689335091971445
6,12,16,64,0.001,0.9889932793076938,0.8007558339533806,0.9656650827881058
6,12,16,64,0.005,1.2934417409898324,0.9266581050946714,0.8621208806804809
6,12,16,128,0.001,0.9474338999180604,0.7155192576110363,0.9464736642179264
6,12,16,128,0.005,0.8776376662111025,0.7512026006901265,0.9729616720314627
6,12,32,64,0.001,0.9942817788187928,0.7744787959907055,0.9243478320563747
6,12,32,64,0.005,0.93111600324739,0.7830710922203363,0.969690378239673
6,12,32,128,0.001,1.0032041464800912,0.6165876213750839,0.9385562865503428
6,12,32,128,0.005,1.0582763314927424,0.9289790528364182,0.9273200550262276
6,12,64,64,0.001,0.8835352473399857,0.6737162293949129,0.9565442328741168
6,12,64,64,0.005,0.8828688049171693,0.6762301786377433,0.9566097647120313
6,12,64,128,0.001,0.8436101241415966,0.6543843016507627,0.9749911713016719
6,12,64,128,0.005,0.8561989280142699,0.6952465805187227,0.9742602799555592
6,12,128,64,0.001,0.9188927659941442,0.6714860144347847,0.9703527698613278
6,12,128,64,0.005,0.9238522507557438,0.7552419362690748,0.96997795024176
6,12,128,128,0.001,0.9300197214778986,0.7393371635507439,0.9518513652120986
6,12,128,128,0.005,1.0935164601718201,0.8262145208678245,0.907060810744674
6,24,16,64,0.001,0.9209875760748684,0.7873236000441315,0.9702327112098403
6,24,16,64,0.005,1.2292240996908346,1.0078018080676943,0.8532922808472768
6,24,16,128,0.001,0.9656951310284021,0.7227504120054246,0.9286354551622198
6,24,16,128,0.005,1.032912245019704,0.8375072874155045,0.9170769853789793
6,24,32,64,0.001,1.1236131919443808,0.8211824907665403,0.8774186241417027
6,24,32,64,0.005,0.8930240576307906,0.7246315120635032,0.9482461406838852
6,24,32,128,0.001,0.9544149950000139,0.6790950575788021,0.9302929145338603
6,24,32,128,0.005,0.8973432506493928,0.6884903972597121,0.9477443054208744
6,24,64,64,0.001,1.3006398992690704,1.0246622831404206,0.8357501514369813
6,24,64,64,0.005,0.9946499877534283,0.7736734514727592,0.9231066479754374
6,24,64,128,0.001,0.9756301123293816,0.8511492182106379,0.9665957188970501
6,24,64,128,0.005,1.0086465499546384,0.7685381098361016,0.9209273588623323
6,24,128,64,0.001,0.9374380175211047,0.7389715613467172,0.954081486955699
6,24,128,64,0.005,1.0844155296340372,0.9028116164207458,0.9586043943367201
6,24,128,128,0.001,1.1283353822672342,0.8720032878271788,0.8763861176563222
6,24,128,128,0.005,0.967888505827263,0.8234351890425684,0.9671237403108334
6,48,16,64,0.001,0.8109796512572268,0.6151263092434405,0.9768884166191049
6,48,16,64,0.005,0.9649967464456287,0.7758050623984336,0.942382826834127
6,48,16,128,0.001,0.8971429088195194,0.7660176130163672,0.9718618077719634
6,48,16,128,0.005,1.0107660432479155,0.8241540445880889,0.9367877083116601
6,48,32,64,0.001,1.1172351033737584,0.9025513926929534,0.8788063185377514
6,48,32,64,0.005,1.0298331149119415,0.8274002073928117,0.9627618441711949
6,48,32,128,0.001,0.9941753820490108,0.8554113226423263,0.9499767634944
6,48,32,128,0.005,0.8258468555501315,0.647039121957779,0.9478082984627559
6,48,64,64,0.001,0.9275018999955634,0.7720201469416134,0.9697402793862531
6,48,64,64,0.005,0.9646172746703036,0.7621405347275737,0.9673455925278682
6,48,64,128,0.001,1.1817573905607937,0.9025804051878302,0.8644038100492119
6,48,64,128,0.005,0.89287738448317,0.671711141748667,0.9719848190722956
6,48,128,64,0.001,1.0484103402947478,0.873174293573201,0.9614260308533275
6,48,128,64,0.005,1.3477001982064625,1.206894121139318,0.9081866922581455
6,48,128,128,0.001,1.0345742717153972,0.7763749797588286,0.8960764004901387
6,48,128,128,0.005,0.9108265091194707,0.6866884943037033,0.9351126437175659
6,96,16,64,0.001,0.9971067964239276,0.7450793089687825,0.9239173256816984
6,96,16,64,0.005,1.2432235824919349,1.0221517679139673,0.8499315793880504
6,96,16,128,0.001,1.0609090386563533,0.9213963557787354,0.960651404646864
6,96,16,128,0.005,0.990800165580404,0.795516065352589,0.9237007320191688
6,96,32,64,0.001,0.9980966026035938,0.8565651987543107,0.9650395598249937
6,96,32,64,0.005,0.9236557295832064,0.7517953583960534,0.9700446280378159
6,96,32,128,0.001,1.048515221435477,0.9303790313823225,0.9614183127221864
6,96,32,128,0.005,1.1198564299267648,0.8789898625884055,0.8782369470522918
6,96,64,64,0.001,0.919459996809224,0.7553462512701752,0.9703313752608373
6,96,64,64,0.005,0.9952782025328885,0.8507834216523171,0.9651904209699336
6,96,64,128,0.001,1.1789443735392902,1.0335817120375634,0.951222631617987
6,96,64,128,0.005,0.9672967756997383,0.7937825199550984,0.9686065015852424
6,96,128,64,0.001,1.002470406109786,0.752175088778615,0.9647229350067082
6,96,128,64,0.005,0.9232393037886182,0.7749247929684521,0.9700177744014816
6,96,128,128,0.001,0.9185652888173649,0.6545020551030638,0.9703738975958435
6,96,128,128,0.005,1.0297169949147933,0.822031686775863,0.9644240917807645
